{
  "id": 2,
  "titulo": "A Importância da Oração",
  "referencia": "Filipenses 4:6-7",
  "descricao": "Um estudo sobre o poder e a prática da oração na vida cristã.",
  "conteudo": "<p>A oração é a comunicação vital com Deus, um privilégio e uma necessidade para todo crente. Em Filipenses 4:6-7, somos exortados a não andar ansiosos por coisa alguma, mas a apresentar nossas petições a Deus com oração, súplicas e ações de graças. O resultado é a paz de Deus, que excede todo entendimento, guardando nossos corações e mentes em Cristo Jesus.</p><p>Através da oração, expressamos nossa fé, dependência e amor por Deus. Ela nos permite lançar sobre Ele todas as nossas preocupações, sabendo que Ele cuida de nós (1 Pedro 5:7). A oração não é apenas pedir, mas também ouvir, adorar e interceder. É no secreto do nosso quarto, ou em qualquer lugar, que podemos nos conectar profundamente com o Criador, fortalecendo nosso espírito e recebendo direção para nossa vida.</p><p>Existem diversos tipos de oração: adoração, confissão, ação de graças, petição e intercessão. Cada um desempenha um papel crucial no desenvolvimento de nossa relação com Deus. A oração eficaz é aquela que é feita com fé, humildade e perseverança, conforme a vontade de Deus. Jesus mesmo nos deu o exemplo, passando longas horas em oração e ensinando Seus discípulos a orar.</p><p>Portanto, que a oração seja uma constante em nossa jornada, um refúgio em tempos de tempestade e uma fonte de alegria em todos os momentos. Ela transforma não apenas as circunstâncias, mas principalmente o nosso coração, alinhando-o com os propósitos divinos.</p>"
}
